game,title,category,season,href,image
cod-black-ops-6,ABR A1,Assault Rifles,Season 5,https://www.gamesatlas.com/cod-black-ops-6/weapons/abr-a1,https://www.gamesatlas.com/images/cod-black-ops-6/weapons/resized/abr-a1_400x225.jpg
cod-black-ops-6,AK-74,Assault Rifles,,https://www.gamesatlas.com/cod-black-ops-6/weapons/ak-74,https://www.gamesatlas.com/images/cod-black-ops-6/weapons/resized/ak-74_400x225.jpg
cod-black-ops-6,AMES 85,Assault Rifles,,https://www.gamesatlas.com/cod-black-ops-6/weapons/ames-85,https://www.gamesatlas.com/images/cod-black-ops-6/weapons/resized/ames-85_400x225.jpg
cod-black-ops-6,AS VAL,Assault Rifles,,https://www.gamesatlas.com/cod-black-ops-6/weapons/as-val,https://www.gamesatlas.com/images/cod-black-ops-6/weapons/resized/as-val_400x225.jpg
cod-black-ops-6,CR-56 Amax,Assault Rifles,Season 3,https://www.gamesatlas.com/cod-black-ops-6/weapons/cr-56-amax,https://www.gamesatlas.com/images/cod-black-ops-6/weapons/resized/cr-56-amax_400x225.jpg
cod-black-ops-6,Cypher 091,Assault Rifles,Season 2,https://www.gamesatlas.com/cod-black-ops-6/weapons/cypher-091,https://www.gamesatlas.com/images/cod-black-ops-6/weapons/resized/cypher-091_400x225.jpg
cod-black-ops-6,FFAR 1,Assault Rifles,Season 4,https://www.gamesatlas.com/cod-black-ops-6/weapons/ffar-1,https://www.gamesatlas.com/images/cod-black-ops-6/weapons/resized/ffar-1_400x225.jpg
cod-black-ops-6,GOBLIN MK 2,Assault Rifles,,https://www.gamesatlas.com/cod-black-ops-6/weapons/goblin-mk-2,https://www.gamesatlas.com/images/cod-black-ops-6/weapons/resized/goblin-mk2_400x225.jpg
cod-black-ops-6,GPR 91,Assault Rifles,,https://www.gamesatlas.com/cod-black-ops-6/weapons/gpr-91,https://www.gamesatlas.com/images/cod-black-ops-6/weapons/resized/gpr-91_400x225.jpg
cod-black-ops-6,Kilo 141,Assault Rifles,Season 3,https://www.gamesatlas.com/cod-black-ops-6/weapons/kilo-141,https://www.gamesatlas.com/images/cod-black-ops-6/weapons/resized/kilo-141_400x225.jpg
cod-black-ops-6,Krig C,Assault Rifles,Season 1,https://www.gamesatlas.com/cod-black-ops-6/weapons/krig-c,https://www.gamesatlas.com/images/cod-black-ops-6/weapons/resized/krig-c-2_400x225.jpg
cod-black-ops-6,MODEL L,Assault Rifles,,https://www.gamesatlas.com/cod-black-ops-6/weapons/model-l,https://www.gamesatlas.com/images/cod-black-ops-6/weapons/resized/model-l_400x225.jpg
cod-black-ops-6,Merrick 556,Assault Rifles,Season 6,https://www.gamesatlas.com/cod-black-ops-6/weapons/merrick-556,https://www.gamesatlas.com/images/cod-black-ops-6/weapons/resized/merrick-556_400x225.jpg
cod-black-ops-6,XM4,Assault Rifles,,https://www.gamesatlas.com/cod-black-ops-6/weapons/xm4,https://www.gamesatlas.com/images/cod-black-ops-6/weapons/resized/xm4_400x225.jpg
cod-black-ops-6,9mm PM,Handguns,,https://www.gamesatlas.com/cod-black-ops-6/weapons/9mm-pm,https://www.gamesatlas.com/images/cod-black-ops-6/weapons/resized/9mm-pm_400x225.jpg
cod-black-ops-6,D1.3 Sector,Handguns,Season 2,https://www.gamesatlas.com/cod-black-ops-6/weapons/d1-3-sector,https://www.gamesatlas.com/images/cod-black-ops-6/weapons/resized/d13-sector_400x225.jpg
cod-black-ops-6,GS45,Handguns,,https://www.gamesatlas.com/cod-black-ops-6/weapons/gs45,https://www.gamesatlas.com/images/cod-black-ops-6/weapons/resized/gs45_400x225.jpg
cod-black-ops-6,Gravemark .357 Revolver,Handguns,Season 5,https://www.gamesatlas.com/cod-black-ops-6/weapons/gravemark-357-revolver,https://www.gamesatlas.com/images/cod-black-ops-6/weapons/resized/gravemark-357-revolver_400x225.jpg
cod-black-ops-6,Grekhova,Handguns,,https://www.gamesatlas.com/cod-black-ops-6/weapons/grekhova,https://www.gamesatlas.com/images/cod-black-ops-6/weapons/resized/grekhova_400x225.jpg
cod-black-ops-6,Sirin 9mm,Handguns,Season 1,https://www.gamesatlas.com/cod-black-ops-6/weapons/sirin-9mm,https://www.gamesatlas.com/images/cod-black-ops-6/weapons/resized/sirin-9mm_400x225.jpg
cod-black-ops-6,Stryder .22,Handguns,,https://www.gamesatlas.com/cod-black-ops-6/weapons/stryder-22,https://www.gamesatlas.com/images/cod-black-ops-6/weapons/resized/stryder-22_400x225.jpg
cod-black-ops-6,Feng 82,LMGs,Season 2,https://www.gamesatlas.com/cod-black-ops-6/weapons/feng-82,https://www.gamesatlas.com/images/cod-black-ops-6/weapons/resized/feng-82_400x225.jpg
cod-black-ops-6,GPMG-7,LMGs,,https://www.gamesatlas.com/cod-black-ops-6/weapons/gpmg-7,https://www.gamesatlas.com/images/cod-black-ops-6/weapons/resized/gpmg-7_400x225.jpg
cod-black-ops-6,PML 5.56,LMGs,Season 5,https://www.gamesatlas.com/cod-black-ops-6/weapons/pml-5-56,https://www.gamesatlas.com/images/cod-black-ops-6/weapons/resized/pml-556_400x225.jpg
cod-black-ops-6,PU-21,LMGs,,https://www.gamesatlas.com/cod-black-ops-6/weapons/pu-21,https://www.gamesatlas.com/images/cod-black-ops-6/weapons/resized/pu-21_400x225.jpg
cod-black-ops-6,XMG,LMGs,,https://www.gamesatlas.com/cod-black-ops-6/weapons/xmg,https://www.gamesatlas.com/images/cod-black-ops-6/weapons/resized/xmg_400x225.jpg
cod-black-ops-6,CIGMA 2B,Launchers,,https://www.gamesatlas.com/cod-black-ops-6/weapons/cigma-2b,https://www.gamesatlas.com/images/cod-black-ops-6/weapons/resized/cigma-2b_400x225.jpg
cod-black-ops-6,HE-1,Launchers,,https://www.gamesatlas.com/cod-black-ops-6/weapons/he-1,https://www.gamesatlas.com/images/cod-black-ops-6/weapons/resized/he-1_400x225.jpg
cod-black-ops-6,AEK-973,Marksman Rifles,,https://www.gamesatlas.com/cod-black-ops-6/weapons/aek-973,https://www.gamesatlas.com/images/cod-black-ops-6/weapons/resized/aek-973_400x225.jpg
cod-black-ops-6,DM-10,Marksman Rifles,,https://www.gamesatlas.com/cod-black-ops-6/weapons/dm-10,https://www.gamesatlas.com/images/cod-black-ops-6/weapons/resized/dm-10_400x225.jpg
cod-black-ops-6,Essex Model 07,Marksman Rifles,Season 4,https://www.gamesatlas.com/cod-black-ops-6/weapons/essex-model-07,https://www.gamesatlas.com/images/cod-black-ops-6/weapons/resized/essex-model-07_400x225.jpg
cod-black-ops-6,SWAT 5.56,Marksman Rifles,,https://www.gamesatlas.com/cod-black-ops-6/weapons/swat-5-56,https://www.gamesatlas.com/images/cod-black-ops-6/weapons/resized/swat-556_400x225.jpg
cod-black-ops-6,TR2,Marksman Rifles,Season 2,https://www.gamesatlas.com/cod-black-ops-6/weapons/tr2,https://www.gamesatlas.com/images/cod-black-ops-6/weapons/resized/tr2_400x225.jpg
cod-black-ops-6,Tsarkov 7.62,Marksman Rifles,,https://www.gamesatlas.com/cod-black-ops-6/weapons/tsarkov-7-62,https://www.gamesatlas.com/images/cod-black-ops-6/weapons/resized/tsarkov-762_400x225.jpg
cod-black-ops-6,Baseball Bat,Melee Weapons,,https://www.gamesatlas.com/cod-black-ops-6/weapons/baseball-bat,https://www.gamesatlas.com/images/cod-black-ops-6/weapons/resized/baseball-bat_400x225.jpg
cod-black-ops-6,Bo Staff,Melee Weapons,Season 2,https://www.gamesatlas.com/cod-black-ops-6/weapons/bo-staff,https://www.gamesatlas.com/images/cod-black-ops-6/weapons/resized/bo-staff_400x225.jpg
cod-black-ops-6,Boxing Gloves,Melee Weapons,Season 5,https://www.gamesatlas.com/cod-black-ops-6/weapons/boxing-gloves,https://www.gamesatlas.com/images/cod-black-ops-6/weapons/resized/boxing-gloves_400x225.jpg
cod-black-ops-6,Cleaver,Melee Weapons,Season 1,https://www.gamesatlas.com/cod-black-ops-6/weapons/cleaver,https://www.gamesatlas.com/images/cod-black-ops-6/weapons/resized/cleaver_400x225.jpg
cod-black-ops-6,Kali Sticks,Melee Weapons,Season 3,https://www.gamesatlas.com/cod-black-ops-6/weapons/kali-sticks,https://www.gamesatlas.com/images/cod-black-ops-6/weapons/resized/kali-sticks_400x225.jpg
cod-black-ops-6,Katanas,Melee Weapons,Season 2,https://www.gamesatlas.com/cod-black-ops-6/weapons/katanas,https://www.gamesatlas.com/images/cod-black-ops-6/weapons/resized/katanas_400x225.jpg
cod-black-ops-6,Knife,Melee Weapons,,https://www.gamesatlas.com/cod-black-ops-6/weapons/combat-knife,https://www.gamesatlas.com/images/cod-black-ops-6/weapons/resized/knife_400x225.jpg
cod-black-ops-6,Nunchaku,Melee Weapons,Season 2,https://www.gamesatlas.com/cod-black-ops-6/weapons/nunchaku,https://www.gamesatlas.com/images/cod-black-ops-6/weapons/resized/nunchaku_400x225.jpg
cod-black-ops-6,Pickaxe,Melee Weapons,Season 4,https://www.gamesatlas.com/cod-black-ops-6/weapons/pickaxe,https://www.gamesatlas.com/images/cod-black-ops-6/weapons/resized/pickaxe_400x225.jpg
cod-black-ops-6,Power Drill,Melee Weapons,Season 1,https://www.gamesatlas.com/cod-black-ops-6/weapons/power-drill,https://www.gamesatlas.com/images/cod-black-ops-6/weapons/resized/power-drill_400x225.jpg
cod-black-ops-6,Sai,Melee Weapons,Season 2,https://www.gamesatlas.com/cod-black-ops-6/weapons/sai,https://www.gamesatlas.com/images/cod-black-ops-6/weapons/resized/sai_400x225.jpg
cod-black-ops-6,Skateboard,Melee Weapons,Season 2,https://www.gamesatlas.com/cod-black-ops-6/weapons/skateboard,https://www.gamesatlas.com/images/cod-black-ops-6/weapons/resized/skateboard_400x225.jpg
cod-black-ops-6,C9,SMGs,,https://www.gamesatlas.com/cod-black-ops-6/weapons/c9,https://www.gamesatlas.com/images/cod-black-ops-6/weapons/resized/c9_400x225.jpg
cod-black-ops-6,Dresden 9mm,SMGs,Season 6,https://www.gamesatlas.com/cod-black-ops-6/weapons/dresden-9mm,https://www.gamesatlas.com/images/cod-black-ops-6/weapons/resized/dresden-9mm_400x225.jpg
cod-black-ops-6,Jackal PDW,SMGs,,https://www.gamesatlas.com/cod-black-ops-6/weapons/jackal-pdw,https://www.gamesatlas.com/images/cod-black-ops-6/weapons/resized/jackal-pdw-new_400x225.jpg
cod-black-ops-6,KOMPAKT 92,SMGs,,https://www.gamesatlas.com/cod-black-ops-6/weapons/kompakt-92,https://www.gamesatlas.com/images/cod-black-ops-6/weapons/resized/kompakt-92_400x225.jpg
cod-black-ops-6,KSV,SMGs,,https://www.gamesatlas.com/cod-black-ops-6/weapons/ksv,https://www.gamesatlas.com/images/cod-black-ops-6/weapons/resized/ksv_400x225.jpg
cod-black-ops-6,LC10,SMGs,Season 4,https://www.gamesatlas.com/cod-black-ops-6/weapons/lc10,https://www.gamesatlas.com/images/cod-black-ops-6/weapons/resized/lc10_400x225.jpg
cod-black-ops-6,Ladra,SMGs,Season 3,https://www.gamesatlas.com/cod-black-ops-6/weapons/ladra,https://www.gamesatlas.com/images/cod-black-ops-6/weapons/resized/ladra_400x225.jpg
cod-black-ops-6,PP-919,SMGs,,https://www.gamesatlas.com/cod-black-ops-6/weapons/pp-919,https://www.gamesatlas.com/images/cod-black-ops-6/weapons/resized/pp-919_400x225.jpg
cod-black-ops-6,PPSh-41,SMGs,Season 2,https://www.gamesatlas.com/cod-black-ops-6/weapons/ppsh-41,https://www.gamesatlas.com/images/cod-black-ops-6/weapons/resized/ppsh-41_400x225.jpg
cod-black-ops-6,Saug,SMGs,Season 1,https://www.gamesatlas.com/cod-black-ops-6/weapons/saug,https://www.gamesatlas.com/images/cod-black-ops-6/weapons/resized/saug-2_400x225.jpg
cod-black-ops-6,Tanto .22,SMGs,,https://www.gamesatlas.com/cod-black-ops-6/weapons/tanto-22,https://www.gamesatlas.com/images/cod-black-ops-6/weapons/resized/tanto-22_400x225.jpg
cod-black-ops-6,ASG-89,Shotguns,,https://www.gamesatlas.com/cod-black-ops-6/weapons/asg-89,https://www.gamesatlas.com/images/cod-black-ops-6/weapons/resized/asg-89_400x225.jpg
cod-black-ops-6,Maelstrom,Shotguns,Season 1,https://www.gamesatlas.com/cod-black-ops-6/weapons/maelstrom,https://www.gamesatlas.com/images/cod-black-ops-6/weapons/resized/maelstrom_400x225.jpg
cod-black-ops-6,Marine SP,Shotguns,,https://www.gamesatlas.com/cod-black-ops-6/weapons/marine-sp,https://www.gamesatlas.com/images/cod-black-ops-6/weapons/resized/marine-sp_400x225.jpg
cod-black-ops-6,AMR Mod 4,Sniper Rifles,Season 1,https://www.gamesatlas.com/cod-black-ops-6/weapons/amr-mod-4,https://www.gamesatlas.com/images/cod-black-ops-6/weapons/resized/amr-mod-4_400x225.jpg
cod-black-ops-6,HDR,Sniper Rifles,Season 3,https://www.gamesatlas.com/cod-black-ops-6/weapons/hdr,https://www.gamesatlas.com/images/cod-black-ops-6/weapons/resized/hdr_400x225.jpg
cod-black-ops-6,LR 7.62,Sniper Rifles,,https://www.gamesatlas.com/cod-black-ops-6/weapons/lr-7-62,https://www.gamesatlas.com/images/cod-black-ops-6/weapons/resized/lr-762_400x225.jpg
cod-black-ops-6,LW3A1 Frostline,Sniper Rifles,,https://www.gamesatlas.com/cod-black-ops-6/weapons/lw3a1-frostline,https://www.gamesatlas.com/images/cod-black-ops-6/weapons/resized/lw3a1-frostline_400x225.jpg
cod-black-ops-6,SVD,Sniper Rifles,,https://www.gamesatlas.com/cod-black-ops-6/weapons/svd,https://www.gamesatlas.com/images/cod-black-ops-6/weapons/resized/svd_400x225.jpg
cod-black-ops-6,Nail Gun,Special Weapons,Season 3,https://www.gamesatlas.com/cod-black-ops-6/weapons/nail-gun,https://www.gamesatlas.com/images/cod-black-ops-6/weapons/resized/Nail-Gun_400x225.jpg
cod-black-ops-6,Olympia,Special Weapons,Season 4,https://www.gamesatlas.com/cod-black-ops-6/weapons/olympia,https://www.gamesatlas.com/images/cod-black-ops-6/weapons/resized/olympia_400x225.jpg
cod-black-ops-7,AK-27,Assault Rifles,,https://www.gamesatlas.com/cod-black-ops-7/weapons/ak-27,https://www.gamesatlas.com/images/cod-black-ops-7/weapons/resized/ak-27_400x225.jpg
cod-black-ops-7,DS20 Mirage,Assault Rifles,,https://www.gamesatlas.com/cod-black-ops-7/weapons/ds20-mirage,https://www.gamesatlas.com/images/cod-black-ops-7/weapons/resized/ds20-mirage_400x225.jpg
cod-black-ops-7,M15 Mod 0,Assault Rifles,,https://www.gamesatlas.com/cod-black-ops-7/weapons/m15-mod-0,https://www.gamesatlas.com/images/cod-black-ops-7/weapons/resized/m15-mod-0-2_400x225.jpg
cod-black-ops-7,MXR-17,Assault Rifles,,https://www.gamesatlas.com/cod-black-ops-7/weapons/mxr-17,https://www.gamesatlas.com/images/cod-black-ops-7/weapons/resized/mxr-17_400x225.jpg
cod-black-ops-7,Maddox RFB,Assault Rifles,Season 1,https://www.gamesatlas.com/cod-black-ops-7/weapons/maddox-rfb,https://www.gamesatlas.com/images/cod-black-ops-7/weapons/resized/maddox-rfb-2_400x225.jpg
cod-black-ops-7,Peacekeeper Mk1,Assault Rifles,,https://www.gamesatlas.com/cod-black-ops-7/weapons/peacekeeper-mk1,https://www.gamesatlas.com/images/cod-black-ops-7/weapons/resized/peacekeeper-mk1_400x225.jpg
cod-black-ops-7,X9 Maverick,Assault Rifles,,https://www.gamesatlas.com/cod-black-ops-7/weapons/x9-maverick,https://www.gamesatlas.com/images/cod-black-ops-7/weapons/resized/x9-maverick_400x225.jpg
cod-black-ops-7,CODA 9,Handguns,,https://www.gamesatlas.com/cod-black-ops-7/weapons/coda-9,https://www.gamesatlas.com/images/cod-black-ops-7/weapons/resized/coda9_400x225.jpg
cod-black-ops-7,JÃ¤ger 45,Handguns,,https://www.gamesatlas.com/cod-black-ops-7/weapons/jager-45,https://www.gamesatlas.com/images/cod-black-ops-7/weapons/resized/jager45_400x225.jpg
cod-black-ops-7,Velox 5.7,Handguns,,https://www.gamesatlas.com/cod-black-ops-7/weapons/velox-5-7,https://www.gamesatlas.com/images/cod-black-ops-7/weapons/resized/velox-57_400x225.jpg
cod-black-ops-7,MK.78,LMGs,,https://www.gamesatlas.com/cod-black-ops-7/weapons/mk-78,https://www.gamesatlas.com/images/cod-black-ops-7/weapons/resized/mk-78_400x225.jpg
cod-black-ops-7,Sokol 545,LMGs,Season 1,https://www.gamesatlas.com/cod-black-ops-7/weapons/sokol-545,https://www.gamesatlas.com/images/cod-black-ops-7/weapons/resized/sokol-545-2_400x225.jpg
cod-black-ops-7,XM325,LMGs,,https://www.gamesatlas.com/cod-black-ops-7/weapons/xm325,https://www.gamesatlas.com/images/cod-black-ops-7/weapons/resized/xm325_400x225.jpg
cod-black-ops-7,A.R.C. M1,Launchers,,https://www.gamesatlas.com/cod-black-ops-7/weapons/a-r-c-m1,https://www.gamesatlas.com/images/cod-black-ops-7/weapons/resized/arc-m1_400x225.jpg
cod-black-ops-7,AAROW 109,Launchers,,https://www.gamesatlas.com/cod-black-ops-7/weapons/aarow-109,https://www.gamesatlas.com/images/cod-black-ops-7/weapons/resized/aarow-109-2_400x225.jpg
cod-black-ops-7,M34 Novaline,Marksman Rifles,,https://www.gamesatlas.com/cod-black-ops-7/weapons/m34-novaline,https://www.gamesatlas.com/images/cod-black-ops-7/weapons/resized/m34-novaline_400x225.jpg
cod-black-ops-7,M8A1,Marksman Rifles,,https://www.gamesatlas.com/cod-black-ops-7/weapons/m8a1,https://www.gamesatlas.com/images/cod-black-ops-7/weapons/resized/m8a1_400x225.jpg
cod-black-ops-7,Warden 308,Marksman Rifles,,https://www.gamesatlas.com/cod-black-ops-7/weapons/warden-308,https://www.gamesatlas.com/images/cod-black-ops-7/weapons/resized/warden-308_400x225.jpg
cod-black-ops-7,Ballistic Knife,Melee Weapons,Season 1,https://www.gamesatlas.com/cod-black-ops-7/weapons/ballistic-knife,https://www.gamesatlas.com/images/cod-black-ops-7/weapons/resized/ballistic-knife_400x225.jpg
cod-black-ops-7,Flatline MK.II,Melee Weapons,,https://www.gamesatlas.com/cod-black-ops-7/weapons/flatline-mk-ii,https://www.gamesatlas.com/images/cod-black-ops-7/weapons/resized/flatline_400x225.jpg
cod-black-ops-7,Knife,Melee Weapons,,https://www.gamesatlas.com/cod-black-ops-7/weapons/knife,https://www.gamesatlas.com/images/cod-black-ops-7/weapons/resized/knife_400x225.jpg
cod-black-ops-7,Carbon 57,SMGs,,https://www.gamesatlas.com/cod-black-ops-7/weapons/carbon-57,https://www.gamesatlas.com/images/cod-black-ops-7/weapons/resized/carbon57_400x225.jpg
cod-black-ops-7,Dravec 45,SMGs,,https://www.gamesatlas.com/cod-black-ops-7/weapons/dravec-45,https://www.gamesatlas.com/images/cod-black-ops-7/weapons/resized/dravec-45_400x225.jpg
cod-black-ops-7,Kogot-7,SMGs,Season 1,https://www.gamesatlas.com/cod-black-ops-7/weapons/kogot-7,https://www.gamesatlas.com/images/cod-black-ops-7/weapons/resized/kogot-7-2_400x225.jpg
cod-black-ops-7,MPC-25,SMGs,,https://www.gamesatlas.com/cod-black-ops-7/weapons/mpc-25,https://www.gamesatlas.com/images/cod-black-ops-7/weapons/resized/mpc-25_400x225.jpg
cod-black-ops-7,RK-9,SMGs,,https://www.gamesatlas.com/cod-black-ops-7/weapons/rk-9,https://www.gamesatlas.com/images/cod-black-ops-7/weapons/resized/rk-9_400x225.jpg
cod-black-ops-7,Razor 9mm,SMGs,,https://www.gamesatlas.com/cod-black-ops-7/weapons/razor-9mm,https://www.gamesatlas.com/images/cod-black-ops-7/weapons/resized/razor-9mm_400x225.jpg
cod-black-ops-7,Ryden 45K,SMGs,,https://www.gamesatlas.com/cod-black-ops-7/weapons/graz-45k,https://www.gamesatlas.com/images/cod-black-ops-7/weapons/resized/ryden-45k-2_400x225.jpg
cod-black-ops-7,Sturmwolf 45,SMGs,Season 1,https://www.gamesatlas.com/cod-black-ops-7/weapons/sturmwolf-45,https://www.gamesatlas.com/images/cod-black-ops-7/weapons/resized/sturmwolf-45-3_400x225.jpg
cod-black-ops-7,Akita,Shotguns,,https://www.gamesatlas.com/cod-black-ops-7/weapons/akita,https://www.gamesatlas.com/images/cod-black-ops-7/weapons/resized/akita_400x225.jpg
cod-black-ops-7,Echo 12,Shotguns,,https://www.gamesatlas.com/cod-black-ops-7/weapons/echo-12,https://www.gamesatlas.com/images/cod-black-ops-7/weapons/resized/echo-12_400x225.jpg
cod-black-ops-7,M10 Breacher,Shotguns,,https://www.gamesatlas.com/cod-black-ops-7/weapons/m10-breacher,https://www.gamesatlas.com/images/cod-black-ops-7/weapons/resized/m10-breacher-2_400x225.jpg
cod-black-ops-7,Hawker HX,Sniper Rifles,Season 1,https://www.gamesatlas.com/cod-black-ops-7/weapons/hawker-hx,https://www.gamesatlas.com/images/cod-black-ops-7/weapons/resized/hawker-hx-2_400x225.jpg
cod-black-ops-7,Shadow SK,Sniper Rifles,,https://www.gamesatlas.com/cod-black-ops-7/weapons/shadow-sk,https://www.gamesatlas.com/images/cod-black-ops-7/weapons/resized/shadow-sk_400x225.jpg
cod-black-ops-7,VS Recon,Sniper Rifles,,https://www.gamesatlas.com/cod-black-ops-7/weapons/vs-recon,https://www.gamesatlas.com/images/cod-black-ops-7/weapons/resized/vs-recon-2_400x225.jpg
cod-black-ops-7,XR-3 Ion,Sniper Rifles,,https://www.gamesatlas.com/cod-black-ops-7/weapons/xr-3-ion,https://www.gamesatlas.com/images/cod-black-ops-7/weapons/resized/xr-3-ion_400x225.jpg
cod-black-ops-7,NX Ravager,Special Weapons,Season 1,https://www.gamesatlas.com/cod-black-ops-7/weapons/nx-ravager,https://www.gamesatlas.com/images/cod-black-ops-7/weapons/resized/nx-ravager_400x225.jpg
cod-modern-warfare-3,BAL-27,Assault Rifles,Season 3,https://www.gamesatlas.com/cod-modern-warfare-3/weapons/bal-27,https://www.gamesatlas.com/images/cod-modern-warfare-3/weapons/resized/bal-27_400x225.jpg
cod-modern-warfare-3,BP50,Assault Rifles,Season 2,https://www.gamesatlas.com/cod-modern-warfare-3/weapons/bp50,https://www.gamesatlas.com/images/cod-modern-warfare-3/weapons/resized/bp50_400x225.jpg
cod-modern-warfare-3,DG-56,Assault Rifles,,https://www.gamesatlas.com/cod-modern-warfare-3/weapons/dg-58,https://www.gamesatlas.com/images/cod-modern-warfare-3/weapons/resized/dg-58_400x225.jpg
cod-modern-warfare-3,FR 5.56,Assault Rifles,,https://www.gamesatlas.com/cod-modern-warfare-3/weapons/fr-5-56,https://www.gamesatlas.com/images/cod-modern-warfare-3/weapons/resized/fr-556_400x225.jpg
cod-modern-warfare-3,Holger 556,Assault Rifles,,https://www.gamesatlas.com/cod-modern-warfare-3/weapons/holger-556,https://www.gamesatlas.com/images/cod-modern-warfare-3/weapons/resized/holger-556_400x225.jpg
cod-modern-warfare-3,MCW,Assault Rifles,,https://www.gamesatlas.com/cod-modern-warfare-3/weapons/mcw,https://www.gamesatlas.com/images/cod-modern-warfare-3/weapons/resized/mcw-3_400x225.jpg
cod-modern-warfare-3,MTZ-556,Assault Rifles,,https://www.gamesatlas.com/cod-modern-warfare-3/weapons/mtz-556,https://www.gamesatlas.com/images/cod-modern-warfare-3/weapons/resized/mtz-556-3_400x225.jpg
cod-modern-warfare-3,RAM-7,Assault Rifles,Season 1,https://www.gamesatlas.com/cod-modern-warfare-3/weapons/ram-7,https://www.gamesatlas.com/images/cod-modern-warfare-3/weapons/resized/ram-7_400x225.jpg
cod-modern-warfare-3,STG44,Assault Rifles,Season 5,https://www.gamesatlas.com/cod-modern-warfare-3/weapons/stg,https://www.gamesatlas.com/images/cod-modern-warfare-3/weapons/resized/stg44_400x225.jpg
cod-modern-warfare-3,SVA 545,Assault Rifles,,https://www.gamesatlas.com/cod-modern-warfare-3/weapons/sva-545,https://www.gamesatlas.com/images/cod-modern-warfare-3/weapons/resized/sva-545-3_400x225.jpg
cod-modern-warfare-3,BAS-B,Battle Rifles,,https://www.gamesatlas.com/cod-modern-warfare-3/weapons/bas-b,https://www.gamesatlas.com/images/cod-modern-warfare-3/weapons/resized/bas-b-3_400x225.jpg
cod-modern-warfare-3,DTIR 30-06,Battle Rifles,Season 6,https://www.gamesatlas.com/cod-modern-warfare-3/weapons/dtir-30-06,https://www.gamesatlas.com/images/cod-modern-warfare-3/weapons/resized/dtir-30-06_400x225.jpg
cod-modern-warfare-3,MTZ-762,Battle Rifles,,https://www.gamesatlas.com/cod-modern-warfare-3/weapons/mtz-762,https://www.gamesatlas.com/images/cod-modern-warfare-3/weapons/resized/mtz-762-3_400x225.jpg
cod-modern-warfare-3,SOA Subverter,Battle Rifles,Season 2,https://www.gamesatlas.com/cod-modern-warfare-3/weapons/soa-subverter,https://www.gamesatlas.com/images/cod-modern-warfare-3/weapons/resized/soa-subverter_400x225.jpg
cod-modern-warfare-3,Sidewinder,Battle Rifles,,https://www.gamesatlas.com/cod-modern-warfare-3/weapons/sidewinder,https://www.gamesatlas.com/images/cod-modern-warfare-3/weapons/resized/sidewinder_400x225.jpg
cod-modern-warfare-3,COR-45,Handguns,,https://www.gamesatlas.com/cod-modern-warfare-3/weapons/cor-45,https://www.gamesatlas.com/images/cod-modern-warfare-3/weapons/resized/cor-45-2_400x225.jpg
cod-modern-warfare-3,Renetti,Handguns,,https://www.gamesatlas.com/cod-modern-warfare-3/weapons/renetti,https://www.gamesatlas.com/images/cod-modern-warfare-3/weapons/resized/renetti-4_400x225.jpg
cod-modern-warfare-3,TYR,Handguns,,https://www.gamesatlas.com/cod-modern-warfare-3/weapons/tyr,https://www.gamesatlas.com/images/cod-modern-warfare-3/weapons/resized/tyr_400x225.jpg
cod-modern-warfare-3,WSP Stinger,Handguns,,https://www.gamesatlas.com/cod-modern-warfare-3/weapons/wsp-stinger,https://www.gamesatlas.com/images/cod-modern-warfare-3/weapons/resized/wsp-stinger-3_400x225.jpg
cod-modern-warfare-3,Bruen Mk9,LMGs,,https://www.gamesatlas.com/cod-modern-warfare-3/weapons/bruen-mk9,https://www.gamesatlas.com/images/cod-modern-warfare-3/weapons/resized/bruen-mk9_400x225.jpg
cod-modern-warfare-3,DG-58 LSW,LMGs,,https://www.gamesatlas.com/cod-modern-warfare-3/weapons/dg-58-lsw,https://www.gamesatlas.com/images/cod-modern-warfare-3/weapons/resized/dg-58-lsw-2_400x225.jpg
cod-modern-warfare-3,Holger 26,LMGs,,https://www.gamesatlas.com/cod-modern-warfare-3/weapons/holger-26,https://www.gamesatlas.com/images/cod-modern-warfare-3/weapons/resized/holger-26-3_400x225.jpg
cod-modern-warfare-3,Kastov LSW,LMGs,Season 6,https://www.gamesatlas.com/cod-modern-warfare-3/weapons/kastov-lsw,https://www.gamesatlas.com/images/cod-modern-warfare-3/weapons/resized/kastov-lsw_400x225.jpg
cod-modern-warfare-3,Pulemyot 762,LMGs,,https://www.gamesatlas.com/cod-modern-warfare-3/weapons/pulemyot-762,https://www.gamesatlas.com/images/cod-modern-warfare-3/weapons/resized/pulemyot-762-3_400x225.jpg
cod-modern-warfare-3,TAQ Eradicator,LMGs,,https://www.gamesatlas.com/cod-modern-warfare-3/weapons/taq-eradicator,https://www.gamesatlas.com/images/cod-modern-warfare-3/weapons/resized/taq-eradicator_400x225.jpg
cod-modern-warfare-3,TAQ Evolvere,LMGs,Season 1,https://www.gamesatlas.com/cod-modern-warfare-3/weapons/taq-evolvere,https://www.gamesatlas.com/images/cod-modern-warfare-3/weapons/resized/taq-evolvere_400x225.jpg
cod-modern-warfare-3,RGL-80,Launchers,,https://www.gamesatlas.com/cod-modern-warfare-3/weapons/rgl-80,https://www.gamesatlas.com/images/cod-modern-warfare-3/weapons/resized/rgl-80_400x225.jpg
cod-modern-warfare-3,Stormender,Launchers,Season 1,https://www.gamesatlas.com/cod-modern-warfare-3/weapons/stormender,https://www.gamesatlas.com/images/cod-modern-warfare-3/weapons/resized/stormender_400x225.jpg
cod-modern-warfare-3,Torque 35,Launchers,Season 5,https://www.gamesatlas.com/cod-modern-warfare-3/weapons/torque-35,https://www.gamesatlas.com/images/cod-modern-warfare-3/weapons/resized/torque-35_400x225.jpg
cod-modern-warfare-3,DM56,Marksman Rifles,,https://www.gamesatlas.com/cod-modern-warfare-3/weapons/dm56,https://www.gamesatlas.com/images/cod-modern-warfare-3/weapons/resized/dm56_400x225.jpg
cod-modern-warfare-3,KVD Enforcer,Marksman Rifles,,https://www.gamesatlas.com/cod-modern-warfare-3/weapons/kvd-enforcer,https://www.gamesatlas.com/images/cod-modern-warfare-3/weapons/resized/kvd-enforcer_400x225.jpg
cod-modern-warfare-3,Kar98k,Marksman Rifles,Season 4,https://www.gamesatlas.com/cod-modern-warfare-3/weapons/kar98k,https://www.gamesatlas.com/images/cod-modern-warfare-3/weapons/resized/kar98k_400x225.jpg
cod-modern-warfare-3,MCW 6.8,Marksman Rifles,,https://www.gamesatlas.com/cod-modern-warfare-3/weapons/mcw-6-8,https://www.gamesatlas.com/images/cod-modern-warfare-3/weapons/resized/mcw-68-3_400x225.jpg
cod-modern-warfare-3,MTZ Interceptor,Marksman Rifles,,https://www.gamesatlas.com/cod-modern-warfare-3/weapons/mtz-interceptor,https://www.gamesatlas.com/images/cod-modern-warfare-3/weapons/resized/mtz-interceptor-3_400x225.jpg
cod-modern-warfare-3,Gladiator,Melee Weapons,Season 3,https://www.gamesatlas.com/cod-modern-warfare-3/weapons/gladiator,https://www.gamesatlas.com/images/cod-modern-warfare-3/weapons/resized/gladiator_400x225.jpg
cod-modern-warfare-3,Gutter Knife,Melee Weapons,,https://www.gamesatlas.com/cod-modern-warfare-3/weapons/gutter-knife,https://www.gamesatlas.com/images/cod-modern-warfare-3/weapons/resized/gutter-knife_400x225.jpg
cod-modern-warfare-3,Karambit,Melee Weapons,,https://www.gamesatlas.com/cod-modern-warfare-3/weapons/karambit,https://www.gamesatlas.com/images/cod-modern-warfare-3/weapons/resized/karambit_400x225.jpg
cod-modern-warfare-3,Sledgehammer,Melee Weapons,Season 4,https://www.gamesatlas.com/cod-modern-warfare-3/weapons/sledgehammer,https://www.gamesatlas.com/images/cod-modern-warfare-3/weapons/resized/sledgehammer_400x225.jpg
cod-modern-warfare-3,Soulrender,Melee Weapons,Season 2,https://www.gamesatlas.com/cod-modern-warfare-3/weapons/soulrender,https://www.gamesatlas.com/images/cod-modern-warfare-3/weapons/resized/soulrender_400x225.jpg
cod-modern-warfare-3,Spear,Melee Weapons,Season 5,https://www.gamesatlas.com/cod-modern-warfare-3/weapons/spear,https://www.gamesatlas.com/images/cod-modern-warfare-3/weapons/resized/spear_400x225.jpg
cod-modern-warfare-3,AMR9,SMGs,,https://www.gamesatlas.com/cod-modern-warfare-3/weapons/amr9,https://www.gamesatlas.com/images/cod-modern-warfare-3/weapons/resized/amr9-3_400x225.jpg
cod-modern-warfare-3,FJX Horus,SMGs,Season 3,https://www.gamesatlas.com/cod-modern-warfare-3/weapons/fjx-horus,https://www.gamesatlas.com/images/cod-modern-warfare-3/weapons/resized/fjx-hours_400x225.jpg
cod-modern-warfare-3,HRM-9,SMGs,Season 1,https://www.gamesatlas.com/cod-modern-warfare-3/weapons/hrm-9,https://www.gamesatlas.com/images/cod-modern-warfare-3/weapons/resized/hrm-9_400x225.jpg
cod-modern-warfare-3,RAM-9,SMGs,Season 2,https://www.gamesatlas.com/cod-modern-warfare-3/weapons/ram-9,https://www.gamesatlas.com/images/cod-modern-warfare-3/weapons/resized/ram-9_400x225.jpg
cod-modern-warfare-3,Rival-9,SMGs,,https://www.gamesatlas.com/cod-modern-warfare-3/weapons/rival-9,https://www.gamesatlas.com/images/cod-modern-warfare-3/weapons/resized/rival9-4_400x225.jpg
cod-modern-warfare-3,Static-HV,SMGs,Season 5,https://www.gamesatlas.com/cod-modern-warfare-3/weapons/static-hv,https://www.gamesatlas.com/images/cod-modern-warfare-3/weapons/resized/static-hv_400x225.jpg
cod-modern-warfare-3,Striker,SMGs,,https://www.gamesatlas.com/cod-modern-warfare-3/weapons/striker,https://www.gamesatlas.com/images/cod-modern-warfare-3/weapons/resized/striker-3_400x225.jpg
cod-modern-warfare-3,Striker 9,SMGs,,https://www.gamesatlas.com/cod-modern-warfare-3/weapons/striker-9,https://www.gamesatlas.com/images/cod-modern-warfare-3/weapons/resized/striker-9_400x225.jpg
cod-modern-warfare-3,Superi 46,SMGs,Season 4,https://www.gamesatlas.com/cod-modern-warfare-3/weapons/superi-46,https://www.gamesatlas.com/images/cod-modern-warfare-3/weapons/resized/superi-46_400x225.jpg
cod-modern-warfare-3,WSP Swarm,SMGs,,https://www.gamesatlas.com/cod-modern-warfare-3/weapons/wsp-swarm,https://www.gamesatlas.com/images/cod-modern-warfare-3/weapons/resized/wsp-swarm-3_400x225.jpg
cod-modern-warfare-3,WSP-9,SMGs,,https://www.gamesatlas.com/cod-modern-warfare-3/weapons/wsp-9,https://www.gamesatlas.com/images/cod-modern-warfare-3/weapons/resized/wsp-9_400x225.jpg
cod-modern-warfare-3,Haymaker,Shotguns,,https://www.gamesatlas.com/cod-modern-warfare-3/weapons/haymaker,https://www.gamesatlas.com/images/cod-modern-warfare-3/weapons/resized/haymaker_400x225.jpg
cod-modern-warfare-3,Lockwood 680,Shotguns,,https://www.gamesatlas.com/cod-modern-warfare-3/weapons/lockwood-680,https://www.gamesatlas.com/images/cod-modern-warfare-3/weapons/resized/lockwood-680-3_400x225.jpg
cod-modern-warfare-3,Reclaimer 18,Shotguns,Season 4,https://www.gamesatlas.com/cod-modern-warfare-3/weapons/reclaimer-18,https://www.gamesatlas.com/images/cod-modern-warfare-3/weapons/resized/reclaimer-18_400x225.jpg
cod-modern-warfare-3,Riveter,Shotguns,,https://www.gamesatlas.com/cod-modern-warfare-3/weapons/riveter,https://www.gamesatlas.com/images/cod-modern-warfare-3/weapons/resized/riveter-3_400x225.jpg
cod-modern-warfare-3,KATT-AMR,Sniper Rifles,,https://www.gamesatlas.com/cod-modern-warfare-3/weapons/katt-amr,https://www.gamesatlas.com/images/cod-modern-warfare-3/weapons/resized/katt-amr_400x225.jpg
cod-modern-warfare-3,KV Inhibitor,Sniper Rifles,,https://www.gamesatlas.com/cod-modern-warfare-3/weapons/kv-inhibitor,https://www.gamesatlas.com/images/cod-modern-warfare-3/weapons/resized/kv-inhibitor-3_400x225.jpg
cod-modern-warfare-3,Longbow,Sniper Rifles,,https://www.gamesatlas.com/cod-modern-warfare-3/weapons/longbow,https://www.gamesatlas.com/images/cod-modern-warfare-3/weapons/resized/longbow-3_400x225.jpg
cod-modern-warfare-3,MORS,Sniper Rifles,Season 3,https://www.gamesatlas.com/cod-modern-warfare-3/weapons/mors,https://www.gamesatlas.com/images/cod-modern-warfare-3/weapons/resized/mors_400x225.jpg
cod-modern-warfare-3,XRK Stalker,Sniper Rifles,Season 1,https://www.gamesatlas.com/cod-modern-warfare-3/weapons/xrk-stalker,https://www.gamesatlas.com/images/cod-modern-warfare-3/weapons/resized/xrk-stalker_400x225.jpg
